"Coastal_Classification","Alcohol_Male","Alcohol_Female","Drugs_Male","Drugs_Female","Suicide_Male","Suicide_Female"
"COASTAL CITY",18.2,8.7,12.2625,5.8125,15.55,4.875
"LARGER NON-COASTAL",15.3375,7.575,8.4875,4.125,15.4875,4.6375
"LARGER OTHER COASTAL TOWN",19.825,9.5375,13.375,4.9375,15.075,3.9375
"LARGER SEASIDE TOWN",18.7375,8.1375,13.15,5.8125,17.9125,5.9875
"NON-COASTAL CITY",22.3,9.0625,10.6375,4.3125,16.1875,4.45
"SMALLER NON-COASTAL",11.325,6.0375,6.4375,3.1,13.65,4.0625
"SMALLER OTHER COASTAL TOWN",12.0375,6.26,9.18571428571429,6.2,12.925,6.76666666666667
"SMALLER SEASIDE TOWN",15.375,7.2875,11.45,5.55714285714286,17.25,5.5625
