"Cause_of_death","Avg_Deaths_Male","Avg_Deaths_Female","Avg_Mortalityrates_Male","Avg_Mortalityrates_Female"
"Alcohol-specific",360.90625,180.40625,16.6421875,7.9016393442623
"Drug-poisoning",217.078125,102.8125,10.6460317460317,4.84385964912281
"Suicide",324.328125,102,15.5046875,4.88813559322034
